t_out_sec,t_out_nanosec,t_imu_sec,t_imu_nanosec,t_cmd_sec,t_cmd_nanosec,imu_ax,imu_ay,imu_az,cmd_vx,cmd_vy,cmd_vz
1760539853,27014131,1760539853,12721565,1760539853,27014131,0.03821145849609377,-0.104099888232627,9.589064953125,0.0,0.0,0.02729759199974069
1760539853,90393630,1760539853,76109397,1760539853,90393630,0.057365071777343755,-0.08494627490234374,9.60821856640625,0.0,0.0,0.07758471299894154
1760539853,153396887,1760539853,139175673,1760539853,153396887,0.04299986181640626,-0.08973467822265625,9.598641759765625,0.0,0.0,0.1408097479998105
1760539853,217157997,1760539853,202228671,1760539853,217157997,0.08130708837890627,-0.07058106494140624,9.622583776857521,0.0,0.0,0.20383135699921695
1760539853,280360551,1760539853,265946985,1760539853,280360551,0.02384624853515626,-0.08973467822265625,9.598641759765625,0.0,0.0,0.267637263999859
1760539853,343852124,1760539853,329328854,1760539853,343852124,0.05257666845703126,-0.06579266162109375,9.622583776857521,0.0,0.0,0.330766021999807
1760539853,407239494,1760539853,392790390,1760539853,407239494,0.06694187841796877,-0.07536946826171874,9.64173739013877,0.0,0.0,0.3945631689985021
1760539853,470320344,1760539853,456014685,1760539853,470320344,0.07651868505859376,-0.08494627490234374,9.617795373046874,0.0,0.0,0.4576721859993995
1760539853,533783379,1760539853,519419628,1760539853,533783379,0.06215347509765626,-0.07058106494140624,9.574699743654396,0.0,0.0,0.5207665179987089
1760539853,597171341,1760539853,582791757,1760539853,597171341,0.05257666845703127,-0.09452308154296875,9.613006970216896,0.0,0.0,0.5841337389992987
1760539853,660902915,1760539853,646260070,1760539853,660902915,0.042999861816406255,-0.08015787158203125,9.593853356935645,0.0,0.0,0.647656774999632
1760539853,724973896,1760539853,710493756,1760539853,724973896,0.03821145849609377,-0.09931148491231451,9.60821856640625,0.0,0.0,0.7113565889994788
1760539853,786935318,1760539853,775174054,1760539853,786935318,0.05257666845703127,-0.104099888232627,9.593853356935645,0.0,0.0,0.7755053299988504
1760539853,850474299,1760539853,836050825,1760539853,850474299,0.06215347509765626,-0.08015787158203123,9.656102599609374,0.0,0.0,0.837383788999432
1760539853,912868221,1760539853,898618230,1760539853,912868221,0.057365071777343755,-0.08494627490234374,9.60343016357627,0.0,0.0,0.9009251579991542
1760539853,980174950,1760539853,963844936,1760539853,980174950,0.07173028173828126,-0.08973467822265624,9.622583776857521,0.0,0.0,0.9632251729999552
1760539854,55571048,1760539854,44210339,1760539854,55571048,0.062153475097656265,-0.10409988823262699,9.60343016357627,0.0,0.0,1.030741605998628
1760539854,118074785,1760539854,103806034,1760539854,118074785,0.07173028173828126,-0.07536946826171874,9.6273721796875,0.0,0.0,1.1059867219992157
1760539854,181215302,1760539854,169677556,1760539854,181215302,0.04299986181640626,-0.08973467822265625,9.622583776857521,0.0,0.0,1.1685204219993466
1760539854,244346393,1760539854,229690067,1760539854,244346393,0.08130708837890627,-0.08494627490234374,9.6273721796875,0.0,0.0,1.231594105998738
1760539854,308942987,1760539854,294532920,1760539854,308942987,0.05257666845703127,-0.09931148491231451,9.613006970216896,0.0,0.0,1.294788585999413
1760539854,372449523,1760539854,357871475,1760539854,372449523,0.06694187841796877,-0.08494627490234374,9.579488146484374,0.0,0.0,1.3593877719995362
1760539854,435927911,1760539854,421486955,1760539854,435927911,0.033423055175781265,-0.08973467822265625,9.622583776857521,0.0,0.0,1.4230265299993334
1760539854,498106166,1760539854,486304364,1760539854,498106166,0.03342305517578126,-0.07058106494140626,9.584276550295021,0.0,0.0,1.4863622509983543
1760539854,560042310,1760539854,549152714,1760539854,560042310,0.042999861816406255,-0.07058106494140626,9.598641759765625,0.0,0.0,1.5485175809990324
1760539854,623670846,1760539854,609178799,1760539854,623670846,0.04299986181640626,-0.08973467822265625,9.617795373046874,0.0,0.0,1.6104419289986254
1760539854,686602067,1760539854,672158982,1760539854,686602067,0.02384624853515626,-0.08973467822265625,9.613006970216896,0.0,0.0,1.674091334998593
1760539854,750456863,1760539854,736072926,1760539854,750456863,0.07173028173828126,-0.08973467822265624,9.64173739013877,0.0,0.0,1.737099573998421
1760539854,813911195,1760539854,799431406,1760539854,813911195,0.05257666845703126,-0.07058106494140626,9.60821856640625,0.0,0.0,1.8009740369998326
1760539854,877792787,1760539854,863408165,1760539854,877792787,0.00948103857421876,-0.08015787158203125,9.598641759765625,0.0,0.0,1.8643604059998324
1760539854,941438546,1760539854,926961924,1760539854,941438546,0.07173028173828126,-0.08015787158203123,9.651314196779396,0.0,0.0,1.928246831999786
1760539855,5020360,1760539854,990481089,1760539855,5020360,0.047788265136718765,-0.09931148491231451,9.60821856640625,0.0,0.0,1.991828941998392
1760539855,68221765,1760539855,53945718,1760539855,68221765,0.06215347509765626,-0.06579266162109373,9.6273721796875,0.0,0.0,2.0555805709991546
1760539855,132204728,1760539855,117798884,1760539855,132204728,0.047788265136718765,-0.104099888232627,9.632160583498145,0.0,0.0,2.11864229099956
1760539855,197154249,1760539855,181164328,1760539855,197154249,0.042999861816406255,-0.08015787158203125,9.598641759765625,0.0,0.0,2.1827323289999185
1760539855,262887438,1760539855,246612868,1760539855,262887438,0.057365071777343755,-0.06579266162109373,9.593853356935645,0.0,0.0,2.247635107998576
1760539855,321854020,1760539855,311294758,1760539855,321854020,0.06694187841796877,-0.07536946826171874,9.60343016357627,0.0,0.0,2.313330055998449
1760539855,385332408,1760539855,370844730,1760539855,385332408,0.05736507177734376,-0.09452308154296873,9.64652579296875,0.0,0.0,2.3723106759989605
1760539855,448393424,1760539855,437839144,1760539855,448393424,0.014269441894531259,-0.07058106494140626,9.60343016357627,0.0,0.0,2.4358025819983595
1760539855,512622036,1760539855,498211359,1760539855,512622036,0.03821145849609377,-0.09452308154296875,9.60343016357627,0.0,0.0,2.498820746999627
1760539855,574557291,1760539855,559277056,1760539855,574557291,0.023846248535156263,-0.104099888232627,9.613006970216896,0.0,0.0,2.563147635999485
1760539855,638853495,1760539855,624404318,1760539855,638853495,0.06694187841796877,-0.08973467822265624,9.593853356935645,0.0,0.0,2.6249097979998623
1760539855,702720032,1760539855,688147521,1760539855,702720032,0.04778826513671876,-0.08494627490234376,9.622583776857521,0.0,0.0,2.6892997439990722
1760539855,766212624,1760539855,751647298,1760539855,766212624,0.023846248535156263,-0.11367669487325201,9.632160583498145,0.0,0.0,2.753322335998746
1760539855,829555678,1760539855,815299260,1760539855,829555678,0.06694187841796877,-0.07536946826171874,9.613006970216896,0.0,0.0,2.816759056999217
1760539855,892516880,1760539855,881346987,1760539855,892516880,0.057365071777343755,-0.061004258300781246,9.64173739013877,0.0,0.0,2.87992777799991
1760539855,955957564,1760539855,941375645,1760539855,955957564,0.05257666845703126,-0.07536946826171875,9.60343016357627,0.0,0.0,2.942911219999587
1760539856,19580081,1760539856,5253719,1760539856,19580081,0.04299986181640626,-0.09931148491231451,9.60343016357627,0.0,0.0,3.0064900899997156
1760539856,83734730,1760539856,68869718,1760539856,83734730,0.05257666845703126,-0.08494627490234376,9.598641759765625,0.0,0.0,3.070087774000058
1760539856,148931269,1760539856,133580498,1760539856,148931269,0.05736507177734376,-0.10409988823262699,9.632160583498145,0.0,0.0,3.1341530889985734
1760539856,214350957,1760539856,197920591,1760539856,214350957,0.05257666845703126,-0.08015787158203125,9.60343016357627,0.0,0.0,3.1995699619983498
1760539856,275007265,1760539856,260596440,1760539856,275007265,0.03342305517578126,-0.08015787158203125,9.6273721796875,0.0,0.0,3.264783686998271
1760539856,338733783,1760539856,324297754,1760539856,338733783,0.04299986181640626,-0.09931148491231451,9.6273721796875,0.0,0.0,3.325434846999997
1760539856,400172241,1760539856,385840101,1760539856,400172241,0.047788265136718765,-0.09452308154296875,9.622583776857521,0.0,0.0,3.3891837719984323
1760539856,461902663,1760539856,449147692,1760539856,461902663,0.03342305517578126,-0.07058106494140626,9.589064953125,0.0,0.0,3.450587599998471
1760539856,525189828,1760539856,510908725,1760539856,525189828,0.04778826513671876,-0.06579266162109375,9.589064953125,0.0,0.0,3.512350262999462
1760539856,589756607,1760539856,579970328,1760539856,589756607,0.04299986181640626,-0.09931148491231451,9.60821856640625,0.0,0.0,3.5756061499996576
1760539856,654254256,1760539856,642564917,1760539856,654254256,0.047788265136718765,-0.104099888232627,9.6273721796875,0.0,0.0,3.640119687999686
1760539856,718256830,1760539856,703979023,1760539856,718256830,0.07651868505859376,-0.08494627490234374,9.617795373046874,0.0,0.0,3.7048389859992312
1760539856,780779531,1760539856,766368409,1760539856,780779531,0.04299986181640626,-0.11367669487325201,9.613006970216896,0.0,0.0,3.768694262998906
1760539856,846694683,1760539856,836384866,1760539856,846694683,0.062153475097656265,-0.113676694873252,9.589064953125,0.0,0.0,3.831292371998643
1760539856,906915620,1760539856,892788924,1760539856,906915620,0.06215347509765626,-0.07058106494140624,9.598641759765625,0.0,0.0,3.8970796529993095
1760539856,970835916,1760539856,956553776,1760539856,970835916,0.03821145849609376,-0.07536946826171875,9.617795373046874,0.0,0.0,3.9573461639993184
1760539857,36336456,1760539857,19963571,1760539857,36336456,0.06694187841796877,-0.08015787158203123,9.617795373046874,0.0,0.0,4.021219218999249
1760539857,99938640,1760539857,82433845,1760539857,99938640,0.03342305517578126,-0.08494627490234376,9.622583776857521,0.0,0.0,4.08685377799884
1760539857,159523742,1760539857,145399510,1760539857,159523742,0.06215347509765626,-0.07536946826171874,9.6273721796875,0.0,0.0,4.150354554998557
1760539857,222375166,1760539857,209986419,1760539857,222375166,0.04778826513671876,-0.07536946826171875,9.6273721796875,0.0,0.0,4.209970471998531
1760539857,286590500,1760539857,272085267,1760539857,286590500,0.03821145849609376,-0.07536946826171875,9.579488146484374,0.0,0.0,4.272780228999181
1760539857,349305442,1760539857,334969561,1760539857,349305442,0.047788265136718765,-0.09931148491231451,9.632160583498145,0.0,0.0,4.337092303998361
1760539857,411281123,1760539857,399876692,1760539857,411281123,0.047788265136718765,-0.104099888232627,9.598641759765625,0.0,0.0,4.399714115999814
1760539857,473076674,1760539857,461638873,1760539857,473076674,0.03821145849609376,-0.08015787158203125,9.622583776857521,0.0,0.0,4.46172016699893
1760539857,536687117,1760539857,522185921,1760539857,536687117,0.062153475097656265,-0.08973467822265624,9.584276550295021,0.0,0.0,4.523506606999945
1760539857,599254689,1760539857,584834363,1760539857,599254689,0.05257666845703127,-0.08973467822265625,9.632160583498145,0.0,0.0,4.587071198999183
1760539857,662514669,1760539857,648152991,1760539857,662514669,0.03821145849609377,-0.09931148491231451,9.613006970216896,0.0,0.0,4.649649214999954
1760539857,725886408,1760539857,711626805,1760539857,725886408,0.05257666845703126,-0.08494627490234376,9.613006970216896,0.0,0.0,4.712951120998696
1760539857,789299851,1760539857,775018748,1760539857,789299851,0.00469263525390626,-0.08494627490234376,9.60343016357627,0.0,0.0,4.776301156000045
1760539857,852634480,1760539857,839759676,1760539857,852634480,0.04778826513671876,-0.07536946826171875,9.656102599609374,0.0,0.0,4.839800339999783
1760539857,915967312,1760539857,901608931,1760539857,915967312,0.033423055175781265,-0.09931148491231451,9.613006970216896,0.0,0.0,4.902987171999484
1760539857,979519477,1760539857,965193171,1760539857,979519477,0.04778826513671876,-0.08494627490234376,9.598641759765625,0.0,0.0,4.966493504000027
1760539858,42801198,1760539858,29713375,1760539858,42801198,0.03821145849609376,-0.08494627490234376,9.617795373046874,0.0,0.0,5.0298901139995
1760539858,106205030,1760539858,91822057,1760539858,106205030,0.033423055175781265,-0.09931148491231451,9.60343016357627,0.0,0.0,5.0932939469985286
1760539858,169160806,1760539858,154663629,1760539858,169160806,0.04778826513671876,-0.07536946826171875,9.584276550295021,0.0,0.0,5.1566554450000694
1760539858,234326123,1760539858,218656869,1760539858,234326123,0.03821145849609377,-0.09452308154296875,9.622583776857521,0.0,0.0,5.219720702998529
1760539858,295737914,1760539858,281576108,1760539858,295737914,0.014269441894531259,-0.07536946826171875,9.60821856640625,0.0,0.0,5.284740370998406
1760539858,359922933,1760539858,349577134,1760539858,359922933,0.06215347509765626,-0.07058106494140624,9.613006970216896,0.0,0.0,5.3461441439994815
1760539858,423238654,1760539858,408835514,1760539858,423238654,0.05257666845703127,-0.104099888232627,9.56512293701377,0.0,0.0,5.410346032998859
1760539858,488153563,1760539858,473822497,1760539858,488153563,0.05257666845703126,-0.07058106494140626,9.617795373046874,0.0,0.0,5.4738066059999255
1760539858,553181491,1760539858,537880831,1760539858,553181491,0.033423055175781265,-0.11367669487325201,9.56512293701377,0.0,0.0,5.53861036699891
1760539858,615688970,1760539858,601329681,1760539858,615688970,0.05257666845703126,-0.08015787158203125,9.593853356935645,0.0,0.0,5.603606479999144
1760539858,678936357,1760539858,664598106,1760539858,678936357,0.05257666845703126,-0.08015787158203125,9.622583776857521,0.0,0.0,5.666086829000051
1760539858,742436152,1760539858,727890012,1760539858,742436152,0.04299986181640626,-0.08973467822265625,9.617795373046874,0.0,0.0,5.72933947599995
1760539858,804325389,1760539858,792864347,1760539858,804325389,0.07651868505859376,-0.1088882915529395,9.64652579296875,0.0,0.0,5.792857844999162
1760539858,868441834,1760539858,854063749,1760539858,868441834,0.05257666845703127,-0.1184650981935645,9.574699743654396,0.0,0.0,5.854789969998819
1760539858,930772682,1760539858,916426894,1760539858,930772682,0.00948103857421876,-0.08494627490234376,9.60343016357627,0.0,0.0,5.918876525998712
1760539858,997120613,1760539858,979808356,1760539858,997120613,0.05257666845703126,-0.05142745166015624,9.613006970216896,0.0,0.0,5.981231800999012
1760539859,57312087,1760539859,42922039,1760539859,57312087,0.028634651855468766,-0.09931148491231451,9.636948986328125,0.0,0.0,6.047541915999318
1760539859,120797641,1760539859,106379704,1760539859,120797641,0.05736507177734376,-0.11846509819356449,9.617795373046874,0.0,0.0,6.107904186999804
1760539859,184810252,1760539859,170153111,1760539859,184810252,0.033423055175781265,-0.104099888232627,9.60343016357627,0.0,0.0,6.171189851998861
1760539859,247795843,1760539859,233559444,1760539859,247795843,0.05736507177734376,-0.08973467822265624,9.613006970216896,0.0,0.0,6.2354809639982705
1760539859,311343675,1760539859,297000665,1760539859,311343675,0.033423055175781265,-0.08973467822265625,9.589064953125,0.0,0.0,6.298169738998695
1760539859,375098230,1760539859,361047869,1760539859,375098230,0.033423055175781265,-0.10888829155293951,9.598641759765625,0.0,0.0,6.361744627000007
1760539859,438721618,1760539859,424287182,1760539859,438721618,0.04299986181640626,-0.08973467822265625,9.636948986328125,0.0,0.0,6.425511996998466
1760539859,501678950,1760539859,487216106,1760539859,501678950,0.08130708837890627,-0.08494627490234374,9.589064953125,0.0,0.0,6.489314125999954
1760539859,565934524,1760539859,551139254,1760539859,565934524,0.009481038574218763,-0.1184650981935645,9.598641759765625,0.0,0.0,6.552090678998866
1760539859,628865226,1760539859,614534345,1760539859,628865226,0.09088389501953126,-0.08015787158203123,9.636948986328125,0.0,0.0,6.6163820319998194
1760539859,692341336,1760539859,677899936,1760539859,692341336,0.042999861816406255,-0.08015787158203125,9.632160583498145,0.0,0.0,6.679261325998596
1760539859,757086449,1760539859,743093142,1760539859,757086449,0.04299986181640626,-0.12325350151387701,9.584276550295021,0.0,0.0,6.742830157998469
1760539859,821124763,1760539859,806669864,1760539859,821124763,0.07173028173828126,-0.08494627490234374,9.598641759765625,0.0,0.0,6.807534103998478
1760539859,885193115,1760539859,875126095,1760539859,885193115,0.03821145849609376,-0.08015787158203125,9.617795373046874,0.0,0.0,6.871597863999341
1760539859,948652688,1760539859,934258641,1760539859,948652688,0.08130708837890627,-0.08973467822265624,9.64173739013877,0.0,0.0,6.93560651199914
1760539860,11776742,1760539859,997784936,1760539860,11776742,0.01905784521484376,-0.08973467822265625,9.598641759765625,0.0,0.0,6.999175084998569
1760539860,73826386,1760539860,59473431,1760539860,73826386,0.08609549169921876,-0.08494627490234374,9.613006970216896,0.0,0.0,7.062071193999145
1760539860,135699401,1760539860,124148136,1760539860,135699401,0.028634651855468766,-0.10888829155293951,9.60343016357627,0.0,0.0,7.124290746000042
1760539860,198852732,1760539860,184764463,1760539860,198852732,0.04299986181640626,-0.08973467822265625,9.64652579296875,0.0,0.0,7.186085129998901
1760539860,261599656,1760539860,247226904,1760539860,261599656,0.07173028173828126,-0.09452308154296873,9.593853356935645,0.0,0.0,7.249219887999061
1760539860,324944562,1760539860,310675292,1760539860,324944562,0.028634651855468762,-0.08973467822265625,9.60821856640625,0.0,0.0,7.311946440999236
1760539860,388417950,1760539860,374002883,1760539860,388417950,0.019057845214843765,-0.10888829155293951,9.622583776857521,0.0,0.0,7.375450902998637
1760539860,452525005,1760539860,437679531,1760539860,452525005,0.02384624853515626,-0.08973467822265625,9.617795373046874,0.0,0.0,7.438842715999272
1760539860,515325929,1760539860,504347758,1760539860,515325929,0.04778826513671876,-0.07058106494140626,9.6273721796875,0.0,0.0,7.503046716999961
1760539860,578442223,1760539860,564412047,1760539860,578442223,0.05257666845703127,-0.104099888232627,9.622583776857521,0.0,0.0,7.565726602999348
1760539860,641959463,1760539860,627592045,1760539860,641959463,0.05257666845703127,-0.09452308154296875,9.60343016357627,0.0,0.0,7.628880211999785
1760539860,705052498,1760539860,692096398,1760539860,705052498,0.042999861816406255,-0.08015787158203125,9.622583776857521,0.0,0.0,7.692403007999019
1760539860,766843827,1760539860,752473576,1760539860,766843827,0.04299986181640626,-0.09452308154296875,9.632160583498145,0.0,0.0,7.755494060998899
1760539860,829818214,1760539860,818767118,1760539860,829818214,0.01905784521484376,-0.09452308154296875,9.622583776857521,0.0,0.0,7.817258334998769
1760539860,893132509,1760539860,877217532,1760539860,893132509,0.06694187841796877,-0.10409988823262699,9.60343016357627,0.0,0.0,7.880244109999694
1760539860,953941188,1760539860,942801424,1760539860,953941188,0.05257666845703127,-0.1376187114748145,9.632160583498145,8.362549999999999,8.362549999999999,0.00460419499904674
1760539861,18058836,1760539861,3581436,1760539861,18058836,2.714928914305615,-0.6164590435060642,10.58026444288135,8.362549999999999,8.362549999999999,0.06479689099978714
1760539861,80602796,1760539861,66347230,1760539861,80602796,0.306362044482627,-0.09931148491231447,10.0104444453125,8.362549999999999,8.362549999999999,0.12889511299908918
1760539861,149774233,1760539861,129964952,1760539861,149774233,0.7277415366701271,-0.15198392143575193,9.900311166493651,8.362549999999999,8.362549999999999,0.19151405499906105
1760539861,214680864,1760539861,199909760,1760539861,214680864,0.5697242270998145,0.2693955708498146,10.201980578125,8.362549999999999,8.362549999999999,0.26058087999990676
1760539861,278636494,1760539861,263442759,1760539861,278636494,0.7947791831545021,-0.8415139995607519,9.9338299921875,8.362549999999999,8.362549999999999,0.3255008630003431
1760539861,342848587,1760539861,328002390,1760539861,342848587,0.7421067466310646,0.1018014546388771,9.72314024609375,8.362549999999999,8.362549999999999,0.38943502999973134
1760539861,406009622,1760539861,391685815,1760539861,406009622,-0.22993912749043946,-0.391404087451377,9.18205067138877,8.362549999999999,8.362549999999999,0.4543005319992517
1760539861,469242602,1760539861,455404685,1760539861,469242602,-0.5651273599123146,0.7673895161623144,9.172473864748145,8.362549999999999,8.362549999999999,0.5168776770005934
1760539861,532569026,1760539861,518301331,1760539861,532569026,0.6702806968263769,0.5854301899904396,9.07191739453125,8.362549999999999,8.362549999999999,0.580098137999812
1760539861,594032058,1760539861,579871937,1760539861,594032058,-5.085380093993115,-2.6754724709462403,10.97291351024365,8.362549999999999,8.362549999999999,0.6433352109997941
1760539861,659532580,1760539861,642976398,1760539861,659532580,-6.579361929930616,2.079412025633739,5.399212048341895,8.362549999999999,8.362549999999999,0.7049348540003848
1760539861,724125414,1760539861,707010787,1760539861,724125414,-5.090168497803759,1.0020212790537595,6.280278259279395,8.362549999999999,8.362549999999999,0.770430987000509
1760539861,787724154,1760539861,773155458,1760539861,787724154,-0.5316085366701269,-0.487172153857627,9.354433190920021,8.362549999999999,8.362549999999999,0.8349950439987879
1760539861,851002449,1760539861,836319808,1760539861,851002449,0.03821145849609388,-1.0378385353993649,7.989738244140625,8.362549999999999,8.362549999999999,0.8986382469993259
1760539861,913445353,1760539861,898710527,1760539861,913445353,-2.08305121264751,-0.37703887749043974,9.469354870607521,8.362549999999999,8.362549999999999,0.9619247449991235
1760539861,977198316,1760539861,962676416,1760539861,977198316,-2.418239445069385,1.1169429587412598,6.625043298341896,0.0,0.0,1.0243440569993254
1760539862,40396111,1760539862,26054859,1760539862,40396111,-1.3839443278818848,-1.3778151716318852,7.19486329296875,0.0,0.0,1.0881052410004486
1760539862,103755887,1760539862,89459710,1760539862,103755887,-0.8620083657716896,-0.3674620708498146,8.545193029296875,0.0,0.0,1.1513058689997706
1760539862,166955386,1760539862,152640949,1760539862,166955386,-2.01122516235249,-0.04185064501953149,8.88038126171875,0.0,0.0,1.214723535000303
1760539862,233536687,1760539862,216051392,1760539862,233536687,-2.001648355711865,0.20714632768575175,9.656102599609374,0.0,0.0,1.2778630519987928
1760539862,294898237,1760539862,280350949,1760539862,294898237,-2.001648355711865,-0.15677232475606476,9.8476387373252,0.0,0.0,1.344474667999748
1760539862,357477975,1760539862,343078427,1760539862,357477975,-1.16367777514751,-0.6260358501466896,9.407105626953125,0.0,0.0,1.4058143109996308
1760539862,420997085,1760539862,406635871,1760539862,420997085,-1.518019620850635,-0.07058106494140644,8.33929168701377,0.0,0.0,1.4684125860003405
1760539862,485716309,1760539862,471041650,1760539862,485716309,-0.8237011392091895,0.1832043110841894,9.435836046875,0.0,0.0,1.5319258809995517
1760539862,549214919,1760539862,535323835,1760539862,549214919,-1.5659036540537599,-0.35309686088887715,9.158108654296875,0.0,0.0,1.5968455500005803
1760539862,612828863,1760539862,598305944,1760539862,612828863,-0.22036232084981444,-0.5589982036623145,9.8189083125,0.0,0.0,1.6600921219996962
1760539862,676196028,1760539862,661758536,1760539862,676196028,0.17707515483418954,-0.24775198784200197,9.732717052734374,0.0,0.0,1.7238999740002328
1760539862,740633492,1760539862,725728388,1760539862,740633492,0.9767385093263772,-1.0474153420399896,10.015232846181151,0.0,0.0,1.787078934999954
1760539862,803638157,1760539862,789248665,1760539862,803638157,1.0581413654774903,-1.0617805524912598,11.24106409618115,0.0,0.0,1.8516665839997586
1760539862,868181991,1760539862,851771551,1760539862,868181991,0.9336428794435646,-0.7457459331545019,10.3839399092002,0.0,0.0,1.9145189150003716
1760539862,929240004,1760539862,914910456,1760539862,929240004,0.31115044780293954,-0.5398445903810645,9.387952013671875,-8.091675,-8.091675,0.013462378999975044
1760539862,992641280,1760539862,978239807,1760539862,992641280,-0.9098923989748146,0.04434061474609364,6.548428845216895,-8.091675,-8.091675,0.07403307599997788
1760539863,56122761,1760539863,41686954,1760539863,56122761,-0.2873999673341895,-0.19507955131856453,9.019244958498145,-8.091675,-8.091675,0.13748012999894854
1760539863,119834501,1760539863,105265768,1760539863,119834501,-0.13417106108418944,-0.400980894092002,8.80376680859375,-8.091675,-8.091675,0.20093162899866002
1760539863,183132999,1760539863,168698674,1760539863,183132999,-0.11022904448262698,-0.1950795513185645,8.961784118654396,-8.091675,-8.091675,0.2649083879987302
1760539863,244436494,1760539863,232758100,1760539863,244436494,-0.1054406411623145,-0.10409988823262702,9.076705798341896,-8.091675,-8.091675,0.327968626999791
1760539863,307927067,1760539863,293663946,1760539863,307927067,0.06694187841796875,0.0012449848632812583,9.215569494140626,-8.091675,-8.091675,0.3892578249997314
1760539863,371646511,1760539863,357105500,1760539863,371646511,0.052576668457031225,0.2406651509279395,9.7039866328125,-8.091675,-8.091675,0.45271100899844896
1760539863,434971361,1760539863,420584166,1760539863,434971361,0.2249591880373145,0.23108834428731453,9.9481952046001,-8.091675,-8.091675,0.5165702869999222
1760539863,498287508,1760539863,483849257,1760539863,498287508,0.31115044780293943,0.35558683061543955,9.8428503266499,-8.091675,-8.091675,0.5798258959985105
1760539863,561517507,1760539863,547089718,1760539863,561517507,0.3446692710451269,0.3938940571779395,9.90509957716895,-8.091675,-8.091675,0.6431743029988866
1760539863,625639433,1760539863,611280626,1760539863,625639433,-0.019249381347656264,0.101801454638877,9.536392517091896,-8.091675,-8.091675,0.70630135600004
1760539863,698028950,1760539863,697582338,1760539863,698028950,-0.158113077685752,-0.0035434184570312696,9.35922159375,-8.091675,-8.091675,0.7705072640001163
1760539863,758338276,1760539863,743770931,1760539863,758338276,-0.30176517729512703,-0.0753694682617188,9.364009997560645,-8.091675,-8.091675,0.8428868920000241
1760539863,821434700,1760539863,810608900,1760539863,821434700,-0.43105206694356446,0.0778594379882812,9.30176075390625,-8.091675,-8.091675,0.9031791069992323
1760539863,885073088,1760539863,870463707,1760539863,885073088,-0.215573917529502,-0.051427451660156276,9.545969323732521,-8.091675,-8.091675,0.9662000119988079
1760539863,947551807,1760539863,933388556,1760539863,947551807,0.014269441894531231,0.159262294482627,9.76144747265625,0.0,0.0,1.0298946229995636
1760539864,11107991,1760539863,996768481,1760539864,11107991,0.25847801127950193,0.37474044389668953,9.12458983154502,0.0,0.0,1.0923359720000008
1760539864,89758021,1760539864,75248195,1760539864,89758021,0.3542460776857519,0.29333758745137706,9.751870666015625,0.0,0.0,1.1560611189997871
1760539864,152788741,1760539864,138016989,1760539864,152788741,0.1962287681154395,0.17841590776387703,9.622583776857521,0.0,0.0,1.2345347409991518
1760539864,214591922,1760539864,199857059,1760539864,214591922,0.11482591167012697,0.21193473100606453,9.708775036623145,0.0,0.0,1.2975413499989372
1760539864,278081329,1760539864,263380243,1760539864,278081329,0.20101717143575198,0.26460716752950203,9.579488146484374,3.612449999999999,-3.612449999999999,0.01514814199981629
1760539864,338717174,1760539864,324372811,1760539864,338717174,-0.9434112222170021,0.46093170366231434,10.67124410841895,8.362549999999999,8.362549999999999,0.04706105800141813
1760539864,402121950,1760539864,387982366,1760539864,402121950,0.28242002788106446,0.618949013232627,8.794190001953124,8.362549999999999,8.362549999999999,0.10773734800022794
1760539864,465618190,1760539864,451283309,1760539864,465618190,0.603243050342002,0.1736275044435646,9.426259240234375,8.362549999999999,8.362549999999999,0.17108190200087847
1760539864,528834559,1760539864,514523752,1760539864,528834559,0.5984546470216894,0.5471229634279395,9.79975469921875,8.362549999999999,8.362549999999999,0.23464753100051894
1760539864,592142983,1760539864,577716676,1760539864,592142983,0.4548025474123144,0.398682460498252,9.727928649904396,8.362549999999999,8.362549999999999,0.2978808440002467
1760539864,655811964,1760539864,641542120,1760539864,655811964,0.36861128764668943,0.42262447709981454,9.632160583498145,8.362549999999999,8.362549999999999,0.36120119400038675
1760539864,719057777,1760539864,704835563,1760539864,719057777,0.24890120463887697,0.29333758745137706,9.617795373046874,8.362549999999999,8.362549999999999,0.4247746750006627
1760539864,780819791,1760539864,768640396,1760539864,780819791,0.3925533042482519,0.23108834428731456,9.517238903810645,8.362549999999999,8.362549999999999,0.4880495070010511
1760539864,844769625,1760539864,830340706,1760539864,844769625,0.3494576743654394,0.29812599077168955,9.689621423341896,8.362549999999999,8.362549999999999,0.5498067800017452
1760539864,908452680,1760539864,893875150,1760539864,908452680,0.18665196147481444,0.35079842729512695,9.60821856640625,8.362549999999999,8.362549999999999,0.6137924470003782
1760539864,971858326,1760539864,957366871,1760539864,971858326,0.24890120463887697,0.2741839741701271,9.483720080078125,8.362549999999999,8.362549999999999,0.6774603350004327
1760539865,38879610,1760539865,22472873,1760539865,38879610,0.19622876811543946,0.34122162065450196,9.5507577265625,8.362549999999999,8.362549999999999,0.740979853000681
1760539865,99525270,1760539865,85031871,1760539865,99525270,0.36382288432637694,0.30291439409200205,9.445412853515625,8.362549999999999,8.362549999999999,0.8079093770011241
1760539865,162881825,1760539865,148537758,1760539865,162881825,0.3877649009279394,0.24066515092793955,9.45020125732627,8.362549999999999,8.362549999999999,0.8686319080006797
1760539865,226411787,1760539865,212009869,1760539865,226411787,1.4507904377431151,0.22151153764668968,9.431047644045021,8.362549999999999,8.362549999999999,0.9318502950009133
1760539865,290715083,1760539865,281102564,1760539865,290715083,0.4117069175295019,0.28854918413106456,9.766235876466896,8.362549999999999,8.362549999999999,0.9954972570012615
1760539865,354211675,1760539865,339640275,1760539865,354211675,0.3877649009279394,0.4609317036623145,9.483720080078125,0.0,0.0,1.0597908870004176
1760539865,417558118,1760539865,403152182,1760539865,417558118,0.5745126304201269,0.8248503560060647,10.6999745234375,0.0,0.0,1.1233479420006915
1760539865,481601174,1760539865,465860068,1760539865,481601174,0.3494576743654394,0.350798427295127,9.469354870607521,0.0,0.0,1.1865172740017442
1760539865,542720668,1760539865,528382806,1760539865,542720668,0.2632664145998144,0.29333758745137706,9.617795373046874,0.0,0.0,1.2505567920015892
1760539865,607437058,1760539865,592024194,1760539865,607437058,0.31115044780293943,0.23587674760762703,9.60821856640625,0.0,0.0,1.311723675000394
1760539865,670197186,1760539865,655873916,1760539865,670197186,0.24411280131856447,0.28376078081075207,9.713563439453125,0.0,0.0,1.3764944360009395
1760539865,732790590,1760539865,721598697,1760539865,732790590,0.25368960795918943,0.25981876420918953,9.656102599609374,3.612449999999999,-3.612449999999999,0.06106197599910956
1760539865,795951422,1760539865,781781393,1760539865,795951422,-9.576806640632404e-05,0.6045838032716895,9.713563439453125,3.612449999999999,-3.612449999999999,0.12363162099973124
1760539865,858655827,1760539865,845340022,1760539865,858655827,0.2632664145998145,0.22629994096700204,9.507662097170021,3.612449999999999,-3.612449999999999,0.1868803969991859
1760539865,919450635,1760539865,904998087,1760539865,919450635,-0.03361459130859374,-0.06579266162109375,9.07191739453125,3.612449999999999,-3.612449999999999,0.24951431999943452
1760539865,985094286,1760539865,968720068,1760539865,985094286,0.574512630420127,0.41783607377950205,9.785389489748145,3.612449999999999,-3.612449999999999,0.3103698140002962
1760539866,46973912,1760539866,32405901,1760539866,46973912,0.37339969096700193,0.350798427295127,9.727928649904396,3.612449999999999,-3.612449999999999,0.37607718799881695
1760539866,114583252,1760539866,100003093,1760539866,114583252,1.062929769288135,0.2550303608888771,9.737505456545021,3.612449999999999,-3.612449999999999,0.43805783199968573
1760539866,176327877,1760539866,166318894,1760539866,176327877,0.3590344810060645,0.14010868120137707,9.656102599609374,3.612449999999999,-3.612449999999999,0.5054684499991708
1760539866,238193225,1760539866,224031493,1760539866,238193225,0.0477882651367186,1.2318646384287602,9.387952013671875,3.612449999999999,-3.612449999999999,0.5672107230002439
1760539866,300895037,1760539866,289039772,1760539866,300895037,0.06215347509765637,-0.937282065967002,9.64173739013877,3.612449999999999,-3.612449999999999,0.629036181999254
1760539866,364389592,1760539866,349975766,1760539866,364389592,0.5697242270998144,0.5854301899904396,9.699198229982521,3.612449999999999,-3.612449999999999,0.6917816610002774
1760539866,428403036,1760539866,414041118,1760539866,428403036,0.277631624560752,0.14968548784200203,9.8811575532124,3.612449999999999,-3.612449999999999,0.7552844000001642
1760539866,496560822,1760539866,480745494,1760539866,496560822,-0.18072742592159216,0.18315308333596705,9.735835066997712,3.612449999999999,-3.612449999999999,0.8192369739990681
1760539866,560289674,1760539866,546335960,1760539866,560289674,-0.21825524160877807,0.42788905789370263,10.094208952196215,3.612449999999999,-3.612449999999999,0.8875681680001435
1760539866,623671117,1760539866,605872914,1760539866,623671117,0.16970651001276205,-0.7076057681520944,9.659652757963274,3.612449999999999,-3.612449999999999,0.9545493039986468
1760539866,685890576,1760539866,668128614,1760539866,685890576,0.16425898231678265,0.33572292618856353,9.289327547737042,0.0,0.0,1.0151150379988394
1760539866,752470119,1760539866,735167880,1760539866,752470119,0.4471931575688938,1.0957641315778675,8.395883708461021,0.0,0.0,1.0769096439998975
1760539866,816592360,1760539866,799694325,1760539866,816592360,0.22321406185319959,0.2876423174525632,9.155973257980644,0.0,0.0,1.1436142799993831
1760539866,881812788,1760539866,865911848,1760539866,881812788,0.06330486101752172,0.12092703110700079,9.75301977630427,0.0,0.0,1.207805575999373
1760539866,940650203,1760539866,926280619,1760539866,940650203,0.04570558807204694,0.29310506853188295,9.613697455864012,0.0,0.0,1.2737493949989585
1760539867,2890015,1760539866,990347712,1760539867,2890015,-0.007017932936646598,0.18776691593284522,9.618051831560663,0.0,0.0,1.331475289998707
1760539867,67001126,1760539867,52543726,1760539867,67001126,0.011546527071357698,0.26445887544400404,9.670822326359273,8.362549999999999,8.362549999999999,0.05093676999968011
1760539867,128738621,1760539867,116698949,1760539867,128738621,0.1731406898505199,0.4698896633064739,9.35148275303764,8.362549999999999,8.362549999999999,0.1150706779990287
1760539867,192298380,1760539867,177828721,1760539867,192298380,0.20497214371555106,0.39286725193834043,9.074206676289844,8.362549999999999,8.362549999999999,0.17680776599991077
1760539867,255753564,1760539867,241226349,1760539867,255753564,0.07825956998370501,0.34111603197225154,9.700187403595223,8.362549999999999,8.362549999999999,0.2404010800000833
1760539867,319021322,1760539867,304747385,1760539867,319021322,0.30359628734891647,0.42185188009288616,9.247659676540708,8.362549999999999,8.362549999999999,0.3039602829994692
1760539867,382640099,1760539867,368296977,1760539867,382640099,0.0746463971230229,0.06802243456940428,9.595196951615467,8.362549999999999,8.362549999999999,0.36709739199977776
1760539867,446135042,1760539867,431722587,1760539867,446135042,0.10270896355926415,0.09495089115077099,8.369561850798823,8.362549999999999,8.362549999999999,0.43066074299895263
1760539867,508674280,1760539867,496981479,1760539867,508674280,-0.12278887811483162,0.14957141495732076,9.693433543306936,8.362549999999999,8.362549999999999,0.4942525009992096
1760539867,581191482,1760539867,561325794,1760539867,581191482,0.012402810483848808,0.2834998398852259,9.594184582516986,8.362549999999999,8.362549999999999,0.5568666469989694
1760539867,652236274,1760539867,637982134,1760539867,652236274,-0.1369380190356306,0.28840668616377335,9.673916484454626,8.362549999999999,8.362549999999999,0.629309755999202
1760539867,715584773,1760539867,701835653,1760539867,715584773,0.07496937163714293,0.3026117082221205,9.566123432874859,8.362549999999999,8.362549999999999,0.7003071599992836
1760539867,780834516,1760539867,766418524,1760539867,780834516,-0.025741500715518097,0.28347840745767267,9.57939222145617,8.362549999999999,8.362549999999999,0.7636124359996757
1760539867,844060774,1760539867,829675764,1760539867,844060774,0.07453942069333847,0.07282491123335338,9.604766110707343,8.362549999999999,8.362549999999999,0.8290487719987141
1760539867,907479606,1760539867,893095929,1760539867,907479606,-0.06335061507838066,0.2977517768803591,9.516697751845605,8.362549999999999,8.362549999999999,0.8921694000000571
1760539867,970969179,1760539867,956516132,1760539867,970969179,0.032464625868384084,0.25464994093111265,9.513043163120265,8.362549999999999,8.362549999999999,0.9555686399999104
1760539868,33257620,1760539868,23415100,1760539868,33257620,0.018527707231898102,0.17319074038267981,9.47469751347759,0.0,0.0,1.0190463609997096
1760539868,95995581,1760539868,81653385,1760539868,95995581,-0.3428179392617485,0.7060037137360516,7.099465886820673,0.0,0.0,1.0813840800001344
1760539868,159077079,1760539868,145062365,1760539868,159077079,0.029042284737260032,0.5184623515370449,9.819094351104635,0.0,0.0,1.1441329659992334
1760539868,222612448,1760539868,208252438,1760539868,222612448,0.10789676811126842,0.21170985061321523,9.61930082439719,0.0,0.0,1.2073419270000159
1760539868,327007364,1760539868,332230263,1760539868,327007364,0.06469736384097854,0.2787611491947854,9.628296902198626,0.0,0.0,1.2706805559992063
1760539868,374139348,1760539868,401530459,1760539868,374139348,0.0792220038696039,0.2547981586820989,9.614128325098811,0.0,0.0,1.3751302860000578
1760539868,442928672,1760539868,465929404,1760539868,442928672,0.12314279555831706,0.1739166886759454,9.969102412246865,-8.091675,-8.091675,0.02659744300035527
1760539868,505949004,1760539868,533391152,1760539868,505949004,0.013257874627550473,0.15410046179834327,9.517765055701856,-8.091675,-8.091675,0.09542032299941638
1760539868,580341525,1760539868,591538436,1760539868,580341525,0.10316268294287118,0.27395194792262667,9.614367707465389,-8.091675,-8.091675,0.15717744799985667
1760539868,630583738,1760539868,655053584,1760539868,630583738,-0.07249872140269129,0.30248378229239975,9.478278903422465,-8.091675,-8.091675,0.23162111700003152
1760539868,694432237,1760539868,719053306,1760539868,694432237,0.20031691877811542,0.3886912693208259,9.490778344299567,-8.091675,-8.091675,0.28179921899936744
1760539868,759292776,1760539868,783888845,1760539868,759292776,0.049636504390428965,0.16393098606235093,9.6905506105424,-8.091675,-8.091675,0.34567812599925674
1760539868,822989202,1760539868,849116810,1760539868,822989202,0.08411720264269465,0.26436091578760457,9.604591556110583,-8.091675,-8.091675,0.4105805720009812
1760539868,886647127,1760539868,909333432,1760539868,886647127,0.15024169820662586,0.34588390230954597,9.686618684526774,-8.091675,-8.091675,0.47423631200035743
1760539868,948469048,1760539868,971628669,1760539868,948469048,1.358020892566697,0.3122201630657001,9.59481376336048,-8.091675,-8.091675,0.5379360339993582
1760539869,12220585,1760539869,36743931,1760539869,12220585,-0.16248184996661671,0.5232491764330615,9.81694699662643,-8.091675,-8.091675,0.5996832149994589
1760539869,75678584,1760539869,100767135,1760539869,75678584,-0.07164235932769764,0.3311015430257574,9.401627081062296,-8.091675,-8.091675,0.6634664180000982
1760539869,139258324,1760539869,163961429,1760539869,139258324,-0.392926017103394,0.44129541852122756,9.440973042203137,-8.091675,-8.091675,0.7269093609993433
1760539869,202771712,1760539869,227068039,1760539869,202771712,-0.12995530496724897,0.3838860788005385,9.477517141454861,-8.091675,-8.091675,0.7905048230004468
1760539869,266218099,1760539869,290620852,1760539869,266218099,-0.02999307100419473,0.4605787069415272,9.531197269240822,-8.091675,-8.091675,0.8540009520002059
1760539869,330999657,1760539869,356454375,1760539869,330999657,-0.02089961317211811,0.3169901945531794,9.574608355838947,-8.091675,-8.091675,0.9174878579997312
1760539869,393568820,1760539869,419703151,1760539869,393568820,-0.10192200599117857,0.4174966121760283,9.540034202715084,-8.091675,-8.091675,0.9822783599993272
1760539869,458583248,1760539869,483714521,1760539869,458583248,0.02799863074532316,0.3838944159900507,9.484071000195955,0.0,0.0,1.0447998939998797
1760539869,572699183,1760539869,572338349,1760539869,572699183,0.06466979822498131,0.2841831199839672,10.059272301509871,0.0,0.0,1.1098052479992475
1760539869,639008743,1760539869,624560770,1760539869,639008743,-0.12003132003536941,0.4850268163530671,9.87494207172706,0.0,0.0,1.2239374609998777
1760539869,704134931,1760539869,687816546,1760539869,704134931,-0.39094839940554266,0.38483429420048104,10.121074611979271,0.0,0.0,1.2902420579994214
1760539869,768320783,1760539869,752544288,1760539869,768320783,-0.6690336361760759,0.3082669174670095,10.151600479734547,0.0,0.0,1.355421911999656
1760539869,832093283,1760539869,817589920,1760539869,832093283,-1.2279574988252984,0.3272469660803059,10.030397520472064,0.0,0.0,1.4195311160001438
1760539869,895324929,1760539869,881007215,1760539869,895324929,-1.9139129657112028,0.3315651094332272,9.706670798887625,0.0,0.0,1.4834575229997427
1760539869,959362411,1760539869,944809881,1760539869,959362411,-2.9892049930037325,0.10623405514772785,9.513014602292616,0.0,0.0,1.546561429000576
1760539870,22428057,1760539870,8303362,1760539870,22428057,-3.720046635351928,-0.08137831915236955,8.920900820399492,0.0,0.0,1.610693540000284
1760539870,86093408,1760539870,71694046,1760539870,86093408,-5.065371539500944,-0.35018731861659913,8.465700672470776,0.0,0.0,1.6736512600000424
1760539870,149107073,1760539870,134149246,1760539870,149107073,-6.008681318773846,-0.523830466885478,7.603024364351455,0.0,0.0,1.7374169449994952
1760539870,210718309,1760539870,197245726,1760539870,210718309,-6.125200655600907,-0.6828974779011222,6.888438677378262,0.0,0.0,1.8003686650008603
1760539870,274512383,1760539870,261236708,1760539870,274512383,-6.7552255106692725,-0.9854657782406832,6.273677007808567,0.0,0.0,1.8619776970008388
1760539870,336586471,1760539870,322571461,1760539870,336586471,-7.632304368586077,-1.14942599069652,5.483557218638732,0.0,0.0,1.9256981779999478
1760539870,399881285,1760539870,385281922,1760539870,399881285,-8.130480848504124,-1.3086791684529484,4.640200323647387,0.0,0.0,1.9878423040008784
1760539870,466155678,1760539870,449334626,1760539870,466155678,-8.48030420650918,-1.3105334827301447,3.3768636411092667,0.0,0.0,2.0511093029999756
1760539870,525246261,1760539870,511675048,1760539870,525246261,-8.626408452857612,-1.4886416946634085,2.7385946516768773,0.0,0.0,2.1174014560001524
1760539870,589116464,1760539870,575032047,1760539870,589116464,-8.95207923433091,-1.5227826498386594,2.3135991553060475,0.0,0.0,2.176460759999827
1760539870,653146816,1760539870,638680324,1760539870,653146816,-9.224115996024867,-1.3463603615847566,1.8026967330655987,0.0,0.0,2.240326482000455
1760539870,715684572,1760539870,707318648,1760539870,715684572,-9.429708591465866,-1.2560512564942696,1.3453392182503743,0.0,0.0,2.3043906490001973
1760539870,781014964,1760539870,765069987,1760539870,781014964,-9.53798886597329,-1.347904633818556,0.7504644772891662,0.0,0.0,2.3670482390007237
1760539870,845407613,1760539870,829853193,1760539870,845407613,-9.454023697538318,-1.467951802777803,0.5217213323048592,0.0,0.0,2.432223686000725
1760539870,906928404,1760539870,892639061,1760539870,906928404,-9.472534846327592,-1.5685927927678527,0.4641979351165671,0.0,0.0,2.49674700200012
1760539870,971460998,1760539870,957117154,1760539870,971460998,-9.509637115582468,-1.630370613146138,0.784717535076603,0.0,0.0,2.5581566079999902
1760539871,35215460,1760539871,20373542,1760539871,35215460,-9.569125582685242,-1.3763184920294234,0.9656501289436564,0.0,0.0,2.622677294000823
1760539871,98362588,1760539871,83956744,1760539871,98362588,-9.615720234494987,-1.1083375313774295,0.8498064709382145,0.0,0.0,2.6864924599994993
1760539871,161768272,1760539871,147319428,1760539871,161768272,-9.559760023020203,-0.9644880155731869,0.9843041651370432,0.0,0.0,2.749720977000834
1760539871,225723050,1760539871,211251206,1760539871,225723050,-9.513752384634593,-1.0408556187316933,1.152535342734033,0.0,0.0,2.812961309000457
1760539871,288905474,1760539871,274579686,1760539871,288905474,-9.453432722307484,-0.9687757217164177,1.3254969266049206,0.0,0.0,2.8770032160009578
1760539871,353202697,1760539871,338358167,1760539871,353202697,-9.454074423560586,-0.9208072691484517,1.3828837241204088,0.0,0.0,2.9401398440004414
1760539871,416545511,1760539871,402172556,1760539871,416545511,-9.398276072989747,-0.9397421727298281,1.53198505064973,0.0,0.0,3.0045906600007584
1760539871,480081639,1760539871,465691851,1760539871,480081639,-9.401220107685033,-1.0734301612845178,1.7955276040567636,0.0,0.0,3.0677626769993367
1760539871,543312564,1760539871,528946701,1760539871,543312564,-9.273626970805587,-0.9911745416841262,2.376266158023244,0.0,0.0,3.1313354350004374
1760539871,604529503,1760539871,594403704,1760539871,604529503,-8.728104329539434,-0.8079085866089751,3.2680039272776344,0.0,0.0,3.1945443410004373
1760539871,667914668,1760539871,653539046,1760539871,667914668,-8.227468700336049,-0.7099682841587737,4.7483765392149655,0.0,0.0,3.255737706000218
1760539871,730290239,1760539871,715966673,1760539871,730290239,-7.4843775111563415,-0.5645432714442238,5.95843250007834,0.0,0.0,3.319127500999457
1760539871,793975942,1760539871,779628376,1760539871,793975942,-5.630175859593108,-0.08874485809611755,7.156476083976019,0.0,0.0,3.3815387939994253
1760539871,858065572,1760539871,843519894,1760539871,858065572,-4.299721573122897,0.5303140140519975,8.085077168116136,0.0,0.0,3.4452082560001145
1760539871,921847868,1760539871,907452542,1760539871,921847868,-1.9841772455650497,0.7993632932569672,8.709146689064141,0.0,0.0,3.50943379400087
1760539871,985672589,1760539871,971274764,1760539871,985672589,-0.09932536487111192,0.7050891498886384,9.73597742174114,0.0,0.0,3.5731383670008654
1760539872,49161663,1760539872,37614769,1760539872,49161663,1.7771810281465223,0.6154414230547325,10.65256782278207,0.0,0.0,3.6368738479995955
1760539872,112990736,1760539872,98727707,1760539872,112990736,3.19976400014383,1.443149057441931,10.193166542787388,0.0,0.0,3.700348735999796
1760539872,176012308,1760539872,161409020,1760539872,176012308,4.5143289273116665,1.5325343697665583,9.115900326399865,0.0,0.0,3.76433314300084
1760539872,239493474,1760539872,225150408,1760539872,239493474,5.063117891145984,1.583563967391015,8.001400570119209,0.0,0.0,3.8272579010008485
1760539872,303632956,1760539872,289459797,1760539872,303632956,6.105773665143155,1.2035502736019537,6.830800369053874,0.0,0.0,3.890752380999402
1760539872,367761493,1760539872,353018019,1760539872,367761493,7.12847574177236,0.9864475476525687,5.731568289796072,0.0,0.0,3.954794639999818
1760539872,430800306,1760539872,416348999,1760539872,430800306,8.035219924180307,0.8754559557192734,5.152853476194805,0.0,0.0,4.0191299929992965
1760539872,493681989,1760539872,479517553,1760539872,493681989,8.802495534736169,0.8788356771552607,4.198892747302512,0.0,0.0,4.081979065000269
1760539872,557168951,1760539872,542629532,1760539872,557168951,9.239362137712524,0.614695961192455,3.6726166078063858,0.0,0.0,4.14491271100087
1760539872,619616170,1760539872,605159955,1760539872,619616170,9.431713859788186,0.28834729898915,3.172431670838991,0.0,0.0,4.208447042999978
1760539872,684248949,1760539872,672174091,1760539872,684248949,9.38669331082739,-0.08136640497865597,2.4876869255048035,0.0,0.0,4.270865095000772
1760539872,746340353,1760539872,731976527,1760539872,746340353,9.409749640286813,-0.3452420116398027,2.138756875973407,0.0,0.0,4.335471059999691
1760539872,810072000,1760539872,795440711,1760539872,810072000,9.363365165530837,-0.546552226337504,2.0044506691328143,0.0,0.0,4.397557389000212
1760539872,873679555,1760539872,859049951,1760539872,873679555,9.729400703360614,-0.6330219741492531,1.8171200076929905,0.0,0.0,4.461293370000931
1760539872,935329346,1760539872,924057435,1760539872,935329346,9.773188733151523,-0.6953623064323852,1.7554478001879494,0.0,0.0,4.524937795000369
1760539872,999046420,1760539872,984573020,1760539872,999046420,9.803147331562553,-0.7817151400304623,1.6457692725960475,0.0,0.0,4.5865105310003855
1760539873,61437602,1760539873,47129314,1760539873,61437602,9.838670700525467,-0.6664272284099112,1.8950095505464235,0.0,0.0,4.650346623000587
1760539873,124833860,1760539873,110592831,1760539873,124833860,9.726884692366859,-0.7715546752142926,2.0423648079367376,0.0,0.0,4.712656916000924
1760539873,188466174,1760539873,173828959,1760539873,188466174,9.761229826015702,-0.7853986498408816,2.3971333277374822,0.0,0.0,4.7759993039999245
1760539873,252106747,1760539873,237663051,1760539873,252106747,9.746036076497775,-0.6888916433939837,2.8996359397252554,0.0,0.0,4.83966909999981
1760539873,316545156,1760539873,302091738,1760539873,316545156,9.592924214378725,-0.42428497646458035,3.7451370986069734,0.0,0.0,4.903470635999838
1760539873,380033451,1760539873,365748181,1760539873,380033451,9.474883091968572,0.11784491984358333,4.45174965905066,0.0,0.0,4.967736951999541
1760539873,448922424,1760539873,435494619,1760539873,448922424,8.984628027595898,0.8567607026262,5.469968048664297,0.0,0.0,5.031438321000678
1760539873,508261563,1760539873,493795089,1760539873,508261563,8.457695188528856,0.8909368928827068,5.91416773737453,0.0,0.0,5.100135646000126
1760539873,571342801,1760539873,556771124,1760539873,571342801,7.521559602374846,1.8454043664757644,6.979762217885743,0.0,0.0,5.1595599329994
1760539873,634671133,1760539873,620324753,1760539873,634671133,5.499597526110893,2.9612675569636675,7.080032323556463,0.0,0.0,5.222567708000497
1760539873,697719372,1760539873,683534918,1760539873,697719372,4.819699934415837,4.36300252320206,6.213194933991071,0.0,0.0,5.285927855000409
1760539873,761377798,1760539873,746911935,1760539873,761377798,4.129020372978703,5.645815892967085,5.88274712469,0.0,0.0,5.348904872000276
1760539873,822947552,1760539873,812256938,1760539873,822947552,3.739988474555819,6.5742902777933505,5.556191217995134,0.0,0.0,5.412691760000598
1760539873,886774477,1760539873,872354096,1760539873,886774477,3.401646925864378,7.415574275200643,4.550333504991414,0.0,0.0,5.474200107000797
1760539873,950110365,1760539873,935858299,1760539873,950110365,2.719924402533224,8.12801924222858,3.8473051406787766,0.0,0.0,5.537950551000904
1760539874,14536699,1760539873,999979670,1760539874,14536699,2.0689335258414894,8.515219453086793,3.3941111572820173,0.0,0.0,5.601334012999359
1760539874,95090288,1760539874,79863832,1760539874,95090288,1.6411935414609524,9.103139995837513,2.674949334659522,0.0,0.0,5.665801216999171
1760539874,156701617,1760539874,142334310,1760539874,156701617,1.381543032309489,9.490512374072901,2.341057377670917,0.0,0.0,5.746308454999962
1760539874,220165708,1760539874,206052846,1760539874,220165708,1.4000524505237006,9.3804638446553,2.398890502254037,0.0,0.0,5.8078722640002525
1760539874,284413690,1760539874,270021846,1760539874,284413690,1.202188718477364,9.414185158096798,2.535502280913198,8.362549999999999,8.362549999999999,0.020321078000051784
1760539874,349761008,1760539874,334031698,1760539874,349761008,0.8204494796427839,9.294929648616344,2.8426775857449673,8.362549999999999,8.362549999999999,0.08457426399945689
1760539874,411712578,1760539874,397071881,1760539874,411712578,0.5891174124624635,8.7061518884906,2.975041813242902,8.362549999999999,8.362549999999999,0.14996346999942034
1760539874,471690588,1760539874,461014622,1760539874,471690588,0.61683108006981,8.912186990189285,3.066034057215034,8.362549999999999,8.362549999999999,0.2121005030003289
1760539874,536549942,1760539874,520820503,1760539874,536549942,0.6608619660450945,8.99762527076115,2.554008801338907,8.362549999999999,8.362549999999999,0.271895586998653
1760539874,600483219,1760539874,583910056,1760539874,600483219,0.6625466919901126,9.007610383403094,2.831757982875148,8.362549999999999,8.362549999999999,0.3366965519999212
1760539874,660925916,1760539874,646533868,1760539874,660925916,0.9029442187975485,9.405549223296383,3.173857668230476,8.362549999999999,8.362549999999999,0.4007439039996825
1760539874,724670693,1760539874,709932404,1760539874,724670693,1.0634660604543524,9.347758898303924,2.9506672376554466,8.362549999999999,8.362549999999999,0.4611610259998997
1760539874,788746082,1760539874,772093678,1760539874,788746082,0.9717953745746606,9.213774513287204,3.012092976952976,8.362549999999999,8.362549999999999,0.5248410259991942
1760539874,850268151,1760539874,835950641,1760539874,850268151,0.8426219601175533,9.017435048346423,3.0013606754446216,8.362549999999999,8.362549999999999,0.5888948960000562
1760539874,913791613,1760539874,899436769,1760539874,913791613,0.7736631594756062,9.132609466536394,3.1728141932181786,8.362549999999999,8.362549999999999,0.6504477429989493
1760539874,980275748,1760539874,963756715,1760539874,980275748,0.6859769366411929,8.874232357936545,3.306297948263969,8.362549999999999,8.362549999999999,0.7139797979998548
1760539875,45284176,1760539875,31158796,1760539875,45284176,0.8139734921818962,9.109033871742561,3.4223121175575795,8.362549999999999,8.362549999999999,0.7805440989995986
1760539875,106680097,1760539875,93161403,1760539875,106680097,0.8630294278361399,8.831152308886443,3.317917291521841,8.362549999999999,8.362549999999999,0.8454263419989729
1760539875,172492563,1760539875,156679605,1760539875,172492563,0.8764839495976173,8.812118501697194,3.3995036576906386,8.362549999999999,8.362549999999999,0.9069191149992548
1760539875,238443364,1760539875,223699278,1760539875,238443364,0.539176841209494,8.87464649427578,3.5871905627086935,8.362549999999999,8.362549999999999,0.9726573219995771
1760539875,303865070,1760539875,289116688,1760539875,303865070,0.8955544675927982,8.716991307996404,3.8356290077242043,0.0,0.0,1.0386226959999476
1760539875,370364279,1760539875,353889338,1760539875,370364279,1.2642338111477933,8.354336183413745,4.697460865865065,0.0,0.0,1.1040502729993023
1760539875,528517247,1760539875,513941199,1760539875,528517247,0.6121712337635682,6.02627388292056,7.341751805003158,0.0,0.0,1.265978711999196
1760539875,590682855,1760539875,576881790,1760539875,590682855,0.5754850597011031,4.715927937869569,8.482980626297609,0.0,0.0,1.3286778759993467
1760539875,654482577,1760539875,639639565,1760539875,654482577,0.2796522814203905,3.1506120935152144,8.817185425540472,0.0,0.0,1.3908622239996475
1760539875,716262776,1760539875,701956580,1760539875,716262776,-0.3110858635400947,2.184216698445819,9.40101559251316,0.0,0.0,1.4546692429994437
1760539875,779632293,1760539875,765570524,1760539875,779632293,-0.9419223548229602,0.9923720378346058,9.716561480890993,0.0,0.0,1.5164409230001183
1760539875,841549363,1760539875,830325674,1760539875,841549363,-1.7198754159251837,0.14927670796176928,9.484037944211613,0.0,0.0,1.5797508289997495
1760539875,904429379,1760539875,890220462,1760539875,904429379,-2.528803489479479,-0.5786016536140594,9.4521245843904,0.0,0.0,1.64166906599894
1760539875,968607472,1760539875,954160554,1760539875,968607472,-3.356001469200571,-1.4556667154311334,8.912623388614117,0.0,0.0,1.7046275270004116
1760539876,32518713,1760539876,16976533,1760539876,32518713,-3.834921594451838,-1.781267643970996,8.917327468526105,0.0,0.0,1.7687319710003067
1760539876,93665855,1760539876,79715642,1760539876,93665855,-4.709623702636588,-2.371078485932904,8.343352144672307,0.0,0.0,1.8328138229990145
1760539876,158216079,1760539876,142356083,1760539876,158216079,-4.910325150924646,-2.764411633270797,7.877182905515581,0.0,0.0,1.8938106690002314
1760539876,221556392,1760539876,207248345,1760539876,221556392,-4.648321867291076,-3.3436296637630614,8.00068006817278,0.0,0.0,1.958400558998619
1760539876,284853076,1760539876,270647788,1760539876,284853076,-4.3120341618249185,-3.7412117816264705,7.904459796105059,0.0,0.0,2.02170439099973
1760539876,350365690,1760539876,334920548,1760539876,350365690,-4.08354941836678,-4.540696402156621,8.02790620950477,0.0,0.0,2.0851213709993317
1760539876,410545775,1760539876,396095468,1760539876,410545775,-3.9483388176215084,-5.46563754063596,7.499230491268214,0.0,0.0,2.1505695229989215
1760539876,473583662,1760539876,459479300,1760539876,473583662,-4.027972039628008,-5.821472073634162,6.483657721519948,0.0,0.0,2.2107907560002786
1760539876,536962198,1760539876,522671039,1760539876,536962198,-3.915168465480482,-5.813506441683875,5.388292596827717,0.0,0.0,2.273758197999996
1760539876,600431363,1760539876,586066945,1760539876,600431363,-4.111912700163545,-6.287503156164036,5.425100453771674,0.0,0.0,2.3372646039988467
1760539876,663727510,1760539876,649199518,1760539876,663727510,-5.18816739831009,-6.455246726477094,5.317545571216408,0.0,0.0,2.400627936998717
1760539876,727234972,1760539876,713183110,1760539876,727234972,-4.980834237348825,-6.460223492879699,5.190574772094517,0.0,0.0,2.4638453049992677
1760539876,791364268,1760539876,776422349,1760539876,791364268,-4.891626762539469,-6.550970015307231,5.349732440036676,-8.091675,-8.091675,0.01518786400083627
1760539876,851924354,1760539876,837628788,1760539876,851924354,-3.8611104434617833,-5.889043294096056,6.121680001750029,-8.091675,-8.091675,0.07949895700039633
1760539876,917259301,1760539876,900923842,1760539876,917259301,-4.760482416403049,-7.225119359518735,6.041762985344356,-8.091675,-8.091675,0.1399287469994306
1760539876,978118387,1760539876,963567617,1760539876,978118387,-3.8687714992083526,-7.244413460927301,5.95119352595388,-8.091675,-8.091675,0.2052750639995793
1760539877,41431164,1760539877,27054487,1760539877,41431164,-3.803582737746944,-7.187339331110677,5.688459202149464,-8.091675,-8.091675,0.2661422239998501
1760539877,105561257,1760539877,91251876,1760539877,105561257,-3.5730847476439,-7.0670854277788475,6.05958874382178,-8.091675,-8.091675,0.329442927000855
1760539877,169811683,1760539877,155124579,1760539877,169811683,-3.726918537664983,-7.062847389271112,5.684344208819388,-8.091675,-8.091675,0.3935261120004725
1760539877,233147978,1760539877,218654856,1760539877,233147978,-3.203837085073496,-6.952864808992182,5.58467648298198,-8.091675,-8.091675,0.4580195199996524
1760539877,297684350,1760539877,282050929,1760539877,297684350,-3.4525227094802986,-6.664971628370916,5.983725556270461,-8.091675,-8.091675,0.5211925000003248
1760539877,362476462,1760539877,346748856,1760539877,362476462,-3.4701777715133355,-6.770513644159753,5.849599611533864,-8.091675,-8.091675,0.5858712789995479
1760539877,423806846,1760539877,409452224,1760539877,423806846,-3.641186399585828,-6.827525285934158,6.154249654056356,-8.091675,-8.091675,0.6504770960000315
1760539877,487868957,1760539877,486972103,1760539877,487868957,-3.8286163309229573,-6.823907016863204,5.357224328574333,-8.091675,-8.091675,0.7118072570010554
1760539877,548949896,1760539877,533870902,1760539877,548949896,-3.670104559972307,-7.206414390570847,5.742654671258115,-8.091675,-8.091675,0.7759670899995399
1760539877,616537958,1760539877,603304376,1760539877,616537958,-3.7161888662036686,-6.588317185699004,6.009398589759605,-8.091675,-8.091675,0.8370118439997896
1760539877,676423969,1760539877,661770995,1760539877,676423969,-2.723178687150312,-6.612497408433643,5.852926445675382,-8.091675,-8.091675,0.904522017999625
1760539877,739872338,1760539877,727852462,1760539877,739872338,-2.5248619728492785,-6.765358455730352,6.104380190062339,-8.091675,-8.091675,0.9645748980001372
1760539877,803792116,1760539877,790535885,1760539877,803792116,-3.469616985881116,-6.793899493612919,6.22794815008071,0.0,0.0,1.0279090080002788
1760539877,866960984,1760539877,852767381,1760539877,866960984,-4.06885587212553,-7.114002003293354,6.714959018809743,0.0,0.0,1.091905379000309
1760539877,929928186,1760539877,917268845,1760539877,929928186,-3.50955311790117,-6.81346875645523,5.944996885328022,0.0,0.0,1.1549918950004212
1760539877,992671461,1760539877,979899343,1760539877,992671461,-3.5558553101170265,-6.664606412862277,6.231583047907322,0.0,0.0,1.2179310230003466
1760539878,56615035,1760539878,40413854,1760539878,56615035,-3.7104378278073127,-6.405224617465956,6.780175588306146,0.0,0.0,1.280693335000251
1760539878,119852237,1760539878,105580171,1760539878,119852237,-4.222921908556744,-5.7575138519106535,7.645041010829022,0.0,0.0,1.3446851310000056
1760539878,182218234,1760539878,167701649,1760539878,182218234,-4.073623456707477,-4.4072969835937705,7.568105097290271,0.0,0.0,1.4078178889994888
1760539878,244857046,1760539878,230460498,1760539878,244857046,-3.654613421938155,-2.835129097126414,8.638358046206111,0.0,0.0,1.470232699999542
1760539878,308450971,1760539878,294417646,1760539878,308450971,-3.326814118485283,-0.8757000847574536,9.299982227138868,0.0,0.0,1.5328323829999135
1760539878,371206154,1760539878,357736534,1760539878,371206154,-3.109700062318897,1.13458415589711,8.72480818407575,0.0,0.0,1.5964340120008274
1760539878,434314226,1760539878,419734215,1760539878,434314226,-1.9376415815230799,2.808780249706748,7.543056655352912,0.0,0.0,1.659262786999534
1760539878,497868021,1760539878,483153862,1760539878,497868021,-2.549107152486851,5.105763198674566,6.551161456132294,0.0,0.0,1.7224171930010925
1760539878,563857933,1760539878,548578495,1760539878,563857933,-0.6664755604403839,7.887091778433137,6.060508223239451,-8.091675,-8.091675,0.02602844200009713
1760539878,627030968,1760539878,612677661,1760539878,627030968,-0.10525447754777098,7.427276412246425,5.976470529289989,-8.091675,-8.091675,0.09208438999849022
1760539878,689943559,1760539878,675617178,1760539878,689943559,0.22224499389110597,8.19128273743068,4.523240110766471,-8.091675,-8.091675,0.15518390699980955
1760539878,755105580,1760539878,738793954,1760539878,755105580,0.24639206355737453,7.488620355102457,5.362566793181408,-8.091675,-8.091675,0.21810364500015567
1760539878,822384401,1760539878,808248928,1760539878,822384401,0.012443144590740127,7.513102481360769,5.728646854639079,-8.091675,-8.091675,0.2832776479990571
1760539878,890138668,1760539878,871688149,1760539878,890138668,0.08079070943629565,8.001977234060325,6.039957915326515,-8.091675,-8.091675,0.3505355620000046
1760539878,951266032,1760539878,936670410,1760539878,951266032,0.1565436236432284,7.925476121166309,6.117536256363576,-8.091675,-8.091675,0.41828440300014336
1760539879,21318952,1760539878,999963872,1760539879,21318952,0.41026594995517984,8.484467721568306,5.267159911749514,-8.091675,-8.091675,0.47948106399962853
1760539879,86489732,1760539879,72375519,1760539879,86489732,0.07670396055604753,8.493830586904634,5.119757306336646,-8.091675,-8.091675,0.5495131499992567
1760539879,150946807,1760539879,141001713,1760539879,150946807,-0.0903448095823918,8.469816827481424,5.070038735059626,-8.091675,-8.091675,0.6146163379999052
1760539879,211816320,1760539879,200273129,1760539879,211816320,0.41663497164155205,8.468004749793632,3.840220459493144,-8.091675,-8.091675,0.6790739680000115
1760539879,273859390,1760539879,260182492,1760539879,273859390,-0.05078208194898824,8.421137685078499,4.52942847550092,-8.091675,-8.091675,0.7399204799985455
1760539879,336682850,1760539879,321974154,1760539879,336682850,-0.3605120599973726,8.248555696038384,4.392137099680403,-8.091675,-8.091675,0.8019382909988053
1760539879,398828532,1760539879,384262984,1760539879,398828532,-0.23989544085857623,8.572787979837418,3.4544216729432677,-8.091675,-8.091675,0.8648076219997165
1760539879,464082275,1760539879,449804302,1760539879,464082275,0.3524448120258103,9.575011195696481,4.441252792214358,-8.091675,-8.091675,0.927016747999005
1760539879,526678383,1760539879,512517818,1760539879,526678383,0.35278874445092123,8.999727609978786,3.98238647456761,-8.091675,-8.091675,0.99244817699946
1760539879,589879604,1760539879,575598649,1760539879,589879604,0.04209609652913042,8.884733105352417,3.9311964127971466,0.0,0.0,1.0546985989985842
1760539879,653703844,1760539879,639053333,1760539879,653703844,-0.028471176344614327,8.814631280116442,5.103744204599538,0.0,0.0,1.1180125609989773
1760539879,718387475,1760539879,702276665,1760539879,718387475,0.08694699753208446,8.143559557651319,4.6319385642274575,0.0,0.0,1.181784856999002
1760539879,784438887,1760539879,767569853,1760539879,784438887,0.016197438416430857,8.368472894878597,4.535043117342247,0.0,0.0,1.2465856729995721
1760539879,847751682,1760539879,830767962,1760539879,847751682,-0.199535308070082,8.306257145857723,4.55666726847289,0.0,0.0,1.3125552509991394
1760539879,906881487,1760539879,893418348,1760539879,906881487,-0.3353691698588077,8.16283639574641,4.7133874988667674,0.0,0.0,1.3761537129994394
1760539879,969520836,1760539879,957001366,1760539879,969520836,-0.5247313734078372,7.6460327857396475,4.9466777905987875,0.0,0.0,1.4349753329988744
1760539880,30484256,1760539880,19413752,1760539880,30484256,-0.7238027544079687,7.330989470360462,5.620124050692959,0.0,0.0,1.4976755709994904
1760539880,94663960,1760539880,85227607,1760539880,94663960,-0.47443012357396486,6.413456436117024,6.8741124061264305,0.0,0.0,1.5586281569994753
1760539880,157011364,1760539880,142661112,1760539880,157011364,-0.9706165840859851,4.763109328628652,7.996339961245547,0.0,0.0,1.6228095089991257
1760539880,220476770,1760539880,205912037,1760539880,220476770,-1.125109745452971,2.8724862784129477,8.538516930560453,0.0,0.0,1.685160264998558
1760539880,283695009,1760539880,273038895,1760539880,283695009,-0.7303835803380729,1.729674454466868,9.641222194948634,0.0,0.0,1.748586116000297
1760539880,347000563,1760539880,332575331,1760539880,347000563,-0.4138592027888552,1.7672873095309034,9.170622074251844,0.0,0.0,1.8118013919993246
1760539880,409819543,1760539880,398834965,1760539880,409819543,-0.9253581616566475,1.7294968604113305,9.519325891973955,0.0,0.0,1.8751565579987073
1760539880,479072127,1760539880,459458773,1760539880,479072127,-0.7596850269298295,0.2878102360188454,9.264706621378528,0.0,0.0,1.9379577589988912
1760539880,541737236,1760539880,525105424,1760539880,541737236,-0.2772414444741945,-0.36867504657335537,8.94543104397259,0.0,0.0,2.0072875099995144
1760539880,605583643,1760539880,590628446,1760539880,605583643,0.2138446870567826,-0.588662779074192,9.138002029904351,0.0,0.0,2.0698434699988866
1760539880,669082938,1760539880,654702539,1760539880,669082938,0.6113658977576708,-0.4019260654015698,9.132592454533684,0.0,0.0,2.133703654999408
1760539880,731865528,1760539880,717460499,1760539880,731865528,0.3256136973826148,-2.7876404152649767,21.420729899381623,0.0,0.0,2.1972191909990215
1760539880,795100953,1760539880,780812498,1760539880,795100953,-0.36739940430321893,0.6377903081285404,6.299577318499156,0.0,0.0,2.260043244999906
1760539880,856129928,1760539880,844559960,1760539880,856129928,0.4659047292670988,-0.46040879430153336,8.436690292541563,0.0,0.0,2.3232551499986585
1760539880,919317334,1760539880,905220861,1760539880,919317334,-0.0765925605633254,0.1395866956278915,9.416219440575375,0.0,0.0,2.384307218999311
1760539880,981449330,1760539880,969620362,1760539880,981449330,0.09400749699333077,-0.583227713055619,9.577215925651702,0.0,0.0,2.447446771999239
1760539881,44763162,1760539881,30450596,1760539881,44763162,-0.007715501950772211,-0.05156148105263371,9.68064908427837,0.0,0.0,2.509604232000129
1760539881,108631921,1760539881,93973539,1760539881,108631921,0.055223490483707116,-0.29107238746574343,9.61945135990095,0.0,0.0,2.572914692998893
1760539881,172677236,1760539881,158204392,1760539881,172677236,0.04112785743789685,-0.1522441555175107,9.595146202363532,0.0,0.0,2.6369770820001577
1760539881,236375217,1760539881,221936873,1760539881,236375217,0.04027063007537521,-0.28620667546436185,9.671952888420394,0.0,0.0,2.7008041739991313
1760539881,301110255,1760539881,286648282,1760539881,301110255,0.007235942532513473,-0.2288095263614924,9.62840096908086,0.0,0.0,2.7646019519997935
1760539881,367290889,1760539881,350007651,1760539881,367290889,-0.007182153721149845,-0.26232139211806016,9.63307781991775,0.0,0.0,2.8292580639990774
1760539881,427191122,1760539881,412857685,1760539881,427191122,0.007556675165310528,-0.26715894708367927,9.599728688099939,0.0,0.0,2.8954674759988848
1760539881,491094548,1760539881,475854609,1760539881,491094548,0.012077318769646905,-0.2575469151648683,9.623708613829866,0.0,0.0,2.955328837999332
1760539881,552738061,1760539881,538350884,1760539881,552738061,-0.06463940596600938,-0.2623218640930758,9.632435725351588,0.0,0.0,3.0192666160000954
1760539881,617693211,1760539881,601385845,1760539881,617693211,0.045647517771909896,-0.26234207725183867,9.619302108586371,0.0,0.0,3.0808290369986935
1760539881,678317816,1760539881,663948694,1760539881,678317816,-0.054367594815142896,-0.2624132957975218,9.57029745134192,0.0,0.0,3.1458144829994126
1760539881,741484092,1760539881,730121791,1760539881,741484092,0.08954370442034115,-0.1858329418168792,9.547849564226718,0.0,0.0,3.2064723469993623
1760539881,804851091,1760539881,790178061,1760539881,804851091,-0.03516166954154447,-0.26242017773073656,9.565723384178686,0.0,0.0,3.2696273639994615
1760539881,868495349,1760539881,853576208,1760539881,868495349,0.0024481921641224813,-0.18571398237813272,9.628284107869927,0.0,0.0,3.3330128069992497
1760539881,929762473,1760539881,916790095,1760539881,929762473,-0.03106975760126427,-0.3341546002249966,9.628127769733263,0.0,0.0,3.396819843999765
1760539881,995441921,1760539881,978726221,1760539881,995441921,0.045006091837566986,-0.1808548376613973,9.676639631289275,0.0,0.0,3.4579067639988352
1760539882,55963933,1760539882,41588774,1760539882,55963933,-0.031229691279378025,-0.2623075102564356,9.642386478865678,0.0,0.0,3.523571730000185
1760539882,120111674,1760539882,105137014,1760539882,120111674,0.00266155505472232,-0.26714490789704926,9.609251378570287,0.0,0.0,3.5840976299987233
1760539882,182362726,1760539882,167971215,1760539882,182362726,-0.01148864785889113,-0.2575963866344301,9.58992437970882,0.0,0.0,3.648262111999429
1760539882,245835465,1760539882,231493751,1760539882,245835465,-0.01643700053666751,-0.22405652116566346,9.604185895032295,0.0,0.0,3.71048594199965
1760539882,309434502,1760539882,294989880,1760539882,309434502,-0.030641104588752195,-0.2623849421055031,9.58971738744589,0.0,0.0,3.7739794779990916
1760539882,375179283,1760539882,361070662,1760539882,375179283,0.0023940943094062916,-0.2575329153094895,9.633177796419744,0.0,0.0,3.837612587998592
1760539882,437810799,1760539882,423701048,1760539882,437810799,-0.03085501811686988,-0.24799159063153708,9.608848666370701,0.0,0.0,3.9033805359995313
